{"cameraMode":{"drawMode":2,"name":"Shaded Wireframe","section":"Shading Mode"},"sceneLighting":false,"audioPlay":false,"sceneViewState":{"m_AlwaysRefresh":false,"showFog":false,"showSkybox":false,"showFlares":false,"showImageEffects":false,"showParticleSystems":false,"showVisualEffectGraphs":true,"m_FxEnabled":true},"in2DMode":false,"pivot":{"x":0.008133351802825928,"y":1.0247552394866944,"z":0.41282331943511965},"rotation":{"x":0.007694421336054802,"y":0.9870273470878601,"z":-0.049785736948251727,"w":0.15250548720359803},"size":0.8609275817871094,"orthographic":true}