{"cameraMode":{"drawMode":0,"name":"Shaded","section":"Shading Mode"},"sceneLighting":true,"audioPlay":false,"sceneViewState":{"m_AlwaysRefresh":false,"showFog":true,"showSkybox":true,"showFlares":true,"showImageEffects":true,"showParticleSystems":true,"showVisualEffectGraphs":true,"m_FxEnabled":true},"in2DMode":false,"pivot":{"x":-0.17849206924438477,"y":3.5460355281829836,"z":0.6236526966094971},"rotation":{"x":-0.10484162718057633,"y":0.8832966089248657,"z":-0.3906458914279938,"w":-0.23706048727035523},"size":4.0425028800964359,"orthographic":true}