{"cameraMode":{"drawMode":0,"name":"Shaded","section":"Shading Mode"},"sceneLighting":true,"audioPlay":false,"sceneViewState":{"m_AlwaysRefresh":false,"showFog":true,"showSkybox":true,"showFlares":true,"showImageEffects":true,"showParticleSystems":true,"showVisualEffectGraphs":true,"m_FxEnabled":true},"in2DMode":false,"pivot":{"x":2.389507293701172,"y":1.7954936027526856,"z":2.571287155151367},"rotation":{"x":0.15087540447711945,"y":-0.3254774510860443,"z":0.052692852914333346,"w":0.9319514036178589},"size":7.977751731872559,"orthographic":true}