{"cameraMode":{"drawMode":0,"name":"Shaded","section":"Shading Mode"},"sceneLighting":true,"audioPlay":false,"sceneViewState":{"m_AlwaysRefresh":false,"showFog":true,"showSkybox":true,"showFlares":true,"showImageEffects":true,"showParticleSystems":true,"showVisualEffectGraphs":true,"m_FxEnabled":true},"in2DMode":false,"pivot":{"x":1.2714259624481202,"y":1.9481010437011719,"z":0.7950488328933716},"rotation":{"x":0.015920445322990419,"y":0.9821656346321106,"z":-0.1599116027355194,"w":0.09785080701112747},"size":1.9869552850723267,"orthographic":true}