{"cameraMode":{"drawMode":0,"name":"Shaded","section":"Shading Mode"},"sceneLighting":false,"audioPlay":false,"sceneViewState":{"m_AlwaysRefresh":false,"showFog":true,"showSkybox":false,"showFlares":true,"showImageEffects":true,"showParticleSystems":true,"showVisualEffectGraphs":true,"m_FxEnabled":true},"in2DMode":false,"pivot":{"x":-0.05707356706261635,"y":1.7020000219345093,"z":10.344947814941407},"rotation":{"x":0.1768566220998764,"y":-0.033948708325624469,"z":0.00610418152064085,"w":0.9836344122886658},"size":0.3596874177455902,"orthographic":false}