{"cameraMode":{"drawMode":0,"name":"Shaded","section":"Shading Mode"},"sceneLighting":false,"audioPlay":false,"sceneViewState":{"m_AlwaysRefresh":false,"showFog":true,"showSkybox":false,"showFlares":true,"showImageEffects":true,"showParticleSystems":true,"showVisualEffectGraphs":true,"m_FxEnabled":true},"in2DMode":false,"pivot":{"x":0.2849264144897461,"y":1.3990000486373902,"z":10.696948051452637},"rotation":{"x":0.1768566220998764,"y":-0.033948708325624469,"z":0.00610418152064085,"w":0.9836344122886658},"size":0.7889865636825562,"orthographic":false}