{"cameraMode":{"drawMode":0,"name":"Shaded","section":"Shading Mode"},"sceneLighting":false,"audioPlay":false,"sceneViewState":{"m_AlwaysRefresh":false,"showFog":true,"showSkybox":false,"showFlares":true,"showImageEffects":true,"showParticleSystems":true,"showVisualEffectGraphs":true,"m_FxEnabled":true},"in2DMode":false,"pivot":{"x":-0.6639999747276306,"y":4.601713180541992,"z":6.150000095367432},"rotation":{"x":0.025445424020290376,"y":0.5668529868125916,"z":-0.017518840730190278,"w":0.8232535719871521},"size":0.6860800981521606,"orthographic":true}