{"cameraMode":{"drawMode":0,"name":"Shaded","section":"Shading Mode"},"sceneLighting":false,"audioPlay":false,"sceneViewState":{"m_AlwaysRefresh":false,"showFog":true,"showSkybox":false,"showFlares":true,"showImageEffects":true,"showParticleSystems":true,"showVisualEffectGraphs":true,"m_FxEnabled":true},"in2DMode":false,"pivot":{"x":5.960464477539063e-8,"y":0.8863580226898193,"z":-0.00444406270980835},"rotation":{"x":0.07718366384506226,"y":-0.895015299320221,"z":0.17064470052719117,"w":0.40485307574272158},"size":1.373488426208496,"orthographic":true}