{"cameraMode":{"drawMode":0,"name":"Shaded","section":"Shading Mode"},"sceneLighting":false,"audioPlay":false,"sceneViewState":{"m_AlwaysRefresh":false,"showFog":true,"showSkybox":false,"showFlares":true,"showImageEffects":true,"showParticleSystems":true,"showVisualEffectGraphs":true,"m_FxEnabled":true},"in2DMode":false,"pivot":{"x":-15.155132293701172,"y":2.284897565841675,"z":2.8301491737365724},"rotation":{"x":0.22936445474624635,"y":-0.3749476969242096,"z":0.09630260616540909,"w":0.8930614590644836},"size":21.202186584472658,"orthographic":true}